scenario,product,day,mean,p5,p25,median,p75,p95
town_only,WHEAT,0,26.00,26.00,26.00,26.00,26.00,26.00
town_only,WHEAT,1,26.00,26.00,26.00,26.00,26.00,26.00
town_only,WHEAT,2,27.00,27.00,27.00,27.00,27.00,27.00
town_only,WHEAT,3,27.63,27.00,27.00,28.00,28.00,28.00
town_only,WHEAT,4,28.26,27.00,27.00,29.00,29.00,29.00
town_only,WHEAT,5,28.90,27.00,27.00,30.00,30.00,30.00
town_only,WHEAT,6,30.12,28.00,29.00,31.00,31.00,31.00
town_only,WHEAT,7,30.52,28.00,29.00,31.00,32.00,32.00
town_only,WHEAT,8,31.38,28.00,30.00,32.00,33.00,33.00
town_only,WHEAT,9,32.24,28.00,31.00,33.00,34.00,34.00
town_only,WHEAT,10,32.80,28.00,32.00,33.00,34.00,35.00
town_only,WHEAT,11,33.57,28.00,33.00,34.00,35.00,36.00
town_only,WHEAT,12,34.59,29.00,34.00,35.00,36.00,37.00
town_only,WHEAT,13,35.38,30.00,34.00,35.00,37.00,38.00
town_only,WHEAT,14,36.00,31.00,34.00,36.00,38.00,39.00
town_only,WHEAT,15,36.93,32.00,35.00,37.00,39.00,40.00
town_only,WHEAT,16,37.68,33.00,36.00,38.00,39.00,41.00
town_only,WHEAT,17,38.31,33.00,37.00,39.00,40.00,42.00
town_only,WHEAT,18,39.27,35.00,38.00,40.00,41.00,43.00
town_only,WHEAT,19,40.04,35.00,38.00,40.00,42.00,44.00
town_only,WHEAT,20,40.91,36.00,39.00,41.00,43.00,45.00
town_only,WHEAT,21,41.59,36.00,40.00,42.00,44.00,46.00
town_only,WHEAT,22,42.37,37.00,41.00,43.00,45.00,47.00
town_only,WHEAT,23,43.18,38.00,42.00,44.00,45.00,48.00
town_only,WHEAT,24,44.03,38.00,42.00,44.00,46.00,49.00
town_only,WHEAT,25,44.79,39.00,43.00,45.00,47.00,49.00
town_only,WHEAT,26,45.58,40.00,44.00,46.00,48.00,50.00
town_only,WHEAT,27,46.25,40.00,44.00,47.00,49.00,51.00
town_only,WHEAT,28,47.00,41.00,45.00,47.00,49.00,52.00
town_only,WHEAT,29,47.64,42.00,46.00,48.00,50.00,53.00
town_only,CARROT,0,35.00,35.00,35.00,35.00,35.00,35.00
town_only,CARROT,1,35.00,35.00,35.00,35.00,35.00,35.00
town_only,CARROT,2,35.00,35.00,35.00,35.00,35.00,35.00
town_only,CARROT,3,35.25,35.00,35.00,35.00,36.00,36.00
town_only,CARROT,4,35.38,35.00,35.00,35.00,36.00,37.00
town_only,CARROT,5,35.63,35.00,35.00,35.00,37.00,38.00
town_only,CARROT,6,36.56,36.00,36.00,36.00,37.00,39.00
town_only,CARROT,7,37.04,36.00,36.00,36.00,38.00,40.00
town_only,CARROT,8,37.32,36.00,36.00,36.00,38.00,41.00
town_only,CARROT,9,38.03,36.00,36.00,37.00,40.00,43.00
town_only,CARROT,10,38.61,36.00,36.00,38.00,41.00,44.00
town_only,CARROT,11,39.17,36.00,36.00,39.00,42.00,46.00
town_only,CARROT,12,39.89,36.00,36.00,39.00,43.00,48.00
town_only,CARROT,13,40.64,36.00,36.00,40.00,44.00,50.00
town_only,CARROT,14,41.45,36.00,36.00,40.00,45.00,52.00
town_only,CARROT,15,42.40,36.00,37.00,41.00,46.00,54.00
town_only,CARROT,16,43.31,36.00,37.00,42.00,48.00,56.00
town_only,CARROT,17,44.25,36.00,38.00,43.00,49.00,59.00
town_only,CARROT,18,45.40,36.00,38.00,44.00,51.00,61.00
town_only,CARROT,19,46.70,37.00,39.00,45.00,52.00,63.00
town_only,CARROT,20,47.95,37.00,39.00,46.00,53.00,65.00
town_only,CARROT,21,49.52,37.00,40.00,47.00,55.00,68.00
town_only,CARROT,22,51.20,37.00,41.00,49.00,57.00,70.00
town_only,CARROT,23,53.10,37.00,42.00,51.00,59.00,76.00
town_only,CARROT,24,55.61,37.00,43.00,52.00,61.00,85.00
town_only,CARROT,25,58.54,37.00,44.00,53.00,63.00,98.00
town_only,CARROT,26,62.02,37.00,46.00,54.00,65.00,114.00
town_only,CARROT,27,66.12,37.00,47.00,56.00,67.00,135.00
town_only,CARROT,28,70.91,37.00,48.00,57.00,69.00,159.00
town_only,CARROT,29,76.52,37.00,49.00,60.00,71.00,187.00
town_only,TOMATO,0,60.00,60.00,60.00,60.00,60.00,60.00
town_only,TOMATO,1,60.00,60.00,60.00,60.00,60.00,60.00
town_only,TOMATO,2,60.00,60.00,60.00,60.00,60.00,60.00
town_only,TOMATO,3,60.25,60.00,60.00,60.00,61.00,61.00
town_only,TOMATO,4,61.25,61.00,61.00,61.00,62.00,62.00
town_only,TOMATO,5,61.51,61.00,61.00,61.00,63.00,63.00
town_only,TOMATO,6,61.95,61.00,61.00,61.00,64.00,64.00
town_only,TOMATO,7,62.26,61.00,61.00,61.00,65.00,66.00
town_only,TOMATO,8,62.58,61.00,61.00,61.00,65.00,68.00
town_only,TOMATO,9,63.27,61.00,61.00,62.00,66.00,69.00
town_only,TOMATO,10,63.96,61.00,61.00,63.00,67.00,71.00
town_only,TOMATO,11,64.60,61.00,61.00,64.00,68.00,72.00
town_only,TOMATO,12,65.65,62.00,62.00,64.00,69.00,74.00
town_only,TOMATO,13,66.44,62.00,62.00,65.00,70.00,75.00
town_only,TOMATO,14,67.23,62.00,62.00,66.00,70.00,77.00
town_only,TOMATO,15,68.31,62.00,63.00,68.00,72.00,78.00
town_only,TOMATO,16,69.35,62.00,63.00,69.00,74.00,80.00
town_only,TOMATO,17,70.47,62.00,64.00,71.00,75.00,82.00
town_only,TOMATO,18,72.03,62.00,65.00,72.00,77.00,85.00
town_only,TOMATO,19,73.85,62.00,66.00,72.00,78.00,92.00
town_only,TOMATO,20,76.26,63.00,67.00,73.00,80.00,105.00
town_only,TOMATO,21,79.42,63.00,68.00,75.00,81.00,119.00
town_only,TOMATO,22,83.31,63.00,69.00,76.00,83.00,137.00
town_only,TOMATO,23,88.19,63.00,69.00,78.00,85.00,158.00
town_only,TOMATO,24,94.66,63.00,70.00,79.00,94.00,191.00
town_only,TOMATO,25,102.51,63.00,71.00,80.00,101.00,229.00
town_only,TOMATO,26,111.82,63.00,72.00,81.00,109.00,274.00
town_only,TOMATO,27,122.74,63.00,73.00,82.00,124.00,325.00
town_only,TOMATO,28,135.47,63.00,75.00,84.00,143.00,382.00
town_only,TOMATO,29,150.03,64.00,77.00,86.00,165.00,445.00
town_only,STRAWBERRY,0,128.00,128.00,128.00,128.00,128.00,128.00
town_only,STRAWBERRY,1,132.00,132.00,132.00,132.00,132.00,132.00
town_only,STRAWBERRY,2,135.00,135.00,135.00,135.00,135.00,135.00
town_only,STRAWBERRY,3,142.05,137.00,137.00,147.00,147.00,147.00
town_only,STRAWBERRY,4,147.08,139.00,139.00,155.00,155.00,155.00
town_only,STRAWBERRY,5,151.10,141.00,141.00,161.00,161.00,161.00
town_only,STRAWBERRY,6,157.56,142.00,142.00,167.00,171.00,171.00
town_only,STRAWBERRY,7,163.27,144.00,144.00,172.00,179.00,179.00
town_only,STRAWBERRY,8,167.99,145.00,145.00,176.00,187.00,187.00
town_only,STRAWBERRY,9,174.60,147.00,154.00,181.00,193.00,196.00
town_only,STRAWBERRY,10,180.20,148.00,160.00,185.00,199.00,204.00
town_only,STRAWBERRY,11,185.31,149.00,166.00,188.00,205.00,212.00
town_only,STRAWBERRY,12,191.79,150.00,175.00,195.00,210.00,221.00
town_only,STRAWBERRY,13,197.72,151.00,183.00,201.00,215.00,230.00
town_only,STRAWBERRY,14,203.02,153.00,190.00,206.00,220.00,237.00
town_only,STRAWBERRY,15,209.30,159.00,196.00,214.00,226.00,245.00
town_only,STRAWBERRY,16,215.25,165.00,202.00,220.00,232.00,251.00
town_only,STRAWBERRY,17,220.68,170.00,207.00,227.00,238.00,258.00
town_only,STRAWBERRY,18,226.96,179.00,212.00,231.00,245.00,264.00
town_only,STRAWBERRY,19,232.96,186.00,217.00,237.00,252.00,270.00
town_only,STRAWBERRY,20,238.51,193.00,222.00,244.00,259.00,276.00
town_only,STRAWBERRY,21,244.83,196.00,228.00,248.00,265.00,284.00
town_only,STRAWBERRY,22,250.76,199.00,234.00,255.00,271.00,292.00
town_only,STRAWBERRY,23,256.49,202.00,240.00,260.00,277.00,299.00
town_only,STRAWBERRY,24,262.59,208.00,245.00,266.00,284.00,305.00
town_only,STRAWBERRY,25,268.54,213.00,251.00,272.00,290.00,312.00
town_only,STRAWBERRY,26,274.16,218.00,256.00,277.00,296.00,320.00
town_only,STRAWBERRY,27,279.70,222.00,261.00,283.00,302.00,325.00
town_only,STRAWBERRY,28,285.00,227.00,265.00,288.00,308.00,332.00
town_only,STRAWBERRY,29,290.13,231.00,270.00,293.00,314.00,339.00
town_only,MELON,0,256.00,256.00,256.00,256.00,256.00,256.00
town_only,MELON,1,260.00,260.00,260.00,260.00,260.00,260.00
town_only,MELON,2,262.00,262.00,262.00,262.00,262.00,262.00
town_only,MELON,3,264.00,264.00,264.00,264.00,264.00,264.00
town_only,MELON,4,266.00,266.00,266.00,266.00,266.00,266.00
town_only,MELON,5,267.00,267.00,267.00,267.00,267.00,267.00
town_only,MELON,6,268.00,268.00,268.00,268.00,268.00,268.00
town_only,MELON,7,269.00,269.00,269.00,269.00,269.00,269.00
town_only,MELON,8,270.00,270.00,270.00,270.00,270.00,270.00
town_only,MELON,9,271.00,271.00,271.00,271.00,271.00,271.00
town_only,MELON,10,272.00,272.00,272.00,272.00,272.00,272.00
town_only,MELON,11,272.00,272.00,272.00,272.00,272.00,272.00
town_only,MELON,12,273.00,273.00,273.00,273.00,273.00,273.00
town_only,MELON,13,274.00,274.00,274.00,274.00,274.00,274.00
town_only,MELON,14,274.00,274.00,274.00,274.00,274.00,274.00
town_only,MELON,15,275.00,275.00,275.00,275.00,275.00,275.00
town_only,MELON,16,275.00,275.00,275.00,275.00,275.00,275.00
town_only,MELON,17,276.00,276.00,276.00,276.00,276.00,276.00
town_only,MELON,18,276.00,276.00,276.00,276.00,276.00,276.00
town_only,MELON,19,277.00,277.00,277.00,277.00,277.00,277.00
town_only,MELON,20,277.00,277.00,277.00,277.00,277.00,277.00
town_only,MELON,21,277.00,277.00,277.00,277.00,277.00,277.00
town_only,MELON,22,278.00,278.00,278.00,278.00,278.00,278.00
town_only,MELON,23,278.00,278.00,278.00,278.00,278.00,278.00
town_only,MELON,24,279.00,279.00,279.00,279.00,279.00,279.00
town_only,MELON,25,279.00,279.00,279.00,279.00,279.00,279.00
town_only,MELON,26,279.00,279.00,279.00,279.00,279.00,279.00
town_only,MELON,27,280.00,280.00,280.00,280.00,280.00,280.00
town_only,MELON,28,280.00,280.00,280.00,280.00,280.00,280.00
town_only,MELON,29,280.00,280.00,280.00,280.00,280.00,280.00
town_only,EGG,0,50.00,50.00,50.00,50.00,50.00,50.00
town_only,EGG,1,50.00,50.00,50.00,50.00,50.00,50.00
town_only,EGG,2,50.00,50.00,50.00,50.00,50.00,50.00
town_only,EGG,3,50.25,50.00,50.00,50.00,51.00,51.00
town_only,EGG,4,50.25,50.00,50.00,50.00,51.00,51.00
town_only,EGG,5,50.25,50.00,50.00,50.00,51.00,51.00
town_only,EGG,6,50.69,50.00,50.00,50.00,52.00,52.00
town_only,EGG,7,50.75,50.00,50.00,50.00,52.00,53.00
town_only,EGG,8,51.75,51.00,51.00,51.00,53.00,54.00
town_only,EGG,9,51.81,51.00,51.00,51.00,53.00,55.00
town_only,EGG,10,52.06,51.00,51.00,51.00,54.00,55.00
town_only,EGG,11,52.50,51.00,51.00,52.00,54.00,56.00
town_only,EGG,12,52.76,51.00,51.00,52.00,54.00,57.00
town_only,EGG,13,53.39,51.00,51.00,53.00,55.00,58.00
town_only,EGG,14,53.52,51.00,51.00,53.00,55.00,58.00
town_only,EGG,15,54.08,51.00,51.00,53.00,56.00,59.00
town_only,EGG,16,54.72,51.00,52.00,54.00,57.00,60.00
town_only,EGG,17,55.12,51.00,52.00,54.00,58.00,62.00
town_only,EGG,18,55.78,51.00,53.00,55.00,58.00,63.00
town_only,EGG,19,56.23,51.00,53.00,56.00,59.00,64.00
town_only,EGG,20,56.96,51.00,53.00,57.00,60.00,65.00
town_only,EGG,21,57.63,51.00,54.00,57.00,61.00,67.00
town_only,EGG,22,58.27,51.00,54.00,58.00,62.00,68.00
town_only,EGG,23,59.17,51.00,55.00,59.00,62.00,69.00
town_only,EGG,24,60.17,52.00,55.00,59.00,64.00,70.00
town_only,EGG,25,61.31,52.00,56.00,60.00,65.00,73.00
town_only,EGG,26,62.54,52.00,56.00,60.00,66.00,78.00
town_only,EGG,27,63.98,52.00,57.00,61.00,67.00,84.00
town_only,EGG,28,65.77,52.00,58.00,62.00,68.00,92.00
town_only,EGG,29,67.67,52.00,58.00,63.00,69.00,102.00
town_only,MILK,0,169.00,169.00,169.00,169.00,169.00,169.00
town_only,MILK,1,172.00,172.00,172.00,172.00,172.00,172.00
town_only,MILK,2,175.00,175.00,175.00,175.00,175.00,175.00
town_only,MILK,3,180.76,177.00,177.00,177.00,187.00,187.00
town_only,MILK,4,185.39,179.00,179.00,179.00,196.00,196.00
town_only,MILK,5,189.27,181.00,181.00,181.00,203.00,203.00
town_only,MILK,6,194.95,183.00,183.00,191.00,208.00,213.00
town_only,MILK,7,200.12,185.00,185.00,199.00,214.00,221.00
town_only,MILK,8,203.96,186.00,186.00,205.00,218.00,229.00
town_only,MILK,9,209.86,187.00,195.00,211.00,223.00,239.00
town_only,MILK,10,214.95,189.00,202.00,216.00,227.00,247.00
town_only,MILK,11,219.51,190.00,208.00,220.00,231.00,255.00
town_only,MILK,12,224.95,191.00,213.00,228.00,240.00,262.00
town_only,MILK,13,230.21,193.00,218.00,235.00,249.00,269.00
town_only,MILK,14,234.93,194.00,222.00,241.00,256.00,276.00
town_only,MILK,15,240.67,195.00,226.00,244.00,261.00,282.00
town_only,MILK,16,245.73,196.00,230.00,247.00,266.00,287.00
town_only,MILK,17,250.69,197.00,234.00,250.00,271.00,293.00
town_only,MILK,18,256.33,198.00,240.00,258.00,277.00,300.00
town_only,MILK,19,261.58,199.00,246.00,265.00,283.00,306.00
town_only,MILK,20,266.67,200.00,252.00,272.00,289.00,313.00
town_only,MILK,21,272.19,206.00,254.00,276.00,294.00,319.00
town_only,MILK,22,277.28,211.00,257.00,280.00,299.00,325.00
town_only,MILK,23,282.40,216.00,260.00,284.00,304.00,330.00
town_only,MILK,24,287.95,221.00,267.00,292.00,312.00,338.00
town_only,MILK,25,293.24,225.00,271.00,297.00,318.00,345.00
town_only,MILK,26,298.29,229.00,274.00,300.00,323.00,350.00
town_only,MILK,27,303.29,233.00,280.00,305.00,329.00,357.00
town_only,MILK,28,307.92,236.00,286.00,310.00,334.00,364.00
town_only,MILK,29,312.56,240.00,291.00,315.00,339.00,371.00
town_only,WOOL,0,206.00,206.00,206.00,206.00,206.00,206.00
town_only,WOOL,1,209.00,209.00,209.00,209.00,209.00,209.00
town_only,WOOL,2,212.00,212.00,212.00,212.00,212.00,212.00
town_only,WOOL,3,215.22,214.00,214.00,214.00,214.00,224.00
town_only,WOOL,4,216.71,215.00,215.00,215.00,215.00,229.00
town_only,WOOL,5,218.83,217.00,217.00,217.00,217.00,232.00
town_only,WOOL,6,220.96,218.00,218.00,218.00,218.00,235.00
town_only,WOOL,7,222.33,219.00,219.00,219.00,219.00,236.00
town_only,WOOL,8,223.67,220.00,220.00,220.00,220.00,238.00
town_only,WOOL,9,225.42,221.00,221.00,221.00,227.00,239.00
town_only,WOOL,10,226.17,221.00,221.00,221.00,231.00,240.00
town_only,WOOL,11,227.28,222.00,222.00,222.00,233.00,241.00
town_only,WOOL,12,228.86,223.00,223.00,223.00,235.00,243.00
town_only,WOOL,13,229.55,223.00,223.00,223.00,237.00,244.00
town_only,WOOL,14,230.74,224.00,224.00,224.00,238.00,245.00
town_only,WOOL,15,231.67,224.00,224.00,224.00,241.00,246.00
town_only,WOOL,16,232.82,225.00,225.00,225.00,242.00,247.00
town_only,WOOL,17,233.40,225.00,225.00,225.00,244.00,248.00
town_only,WOOL,18,234.63,226.00,226.00,230.00,244.00,249.00
town_only,WOOL,19,235.28,226.00,226.00,233.00,245.00,250.00
town_only,WOOL,20,236.36,227.00,227.00,235.00,246.00,250.00
town_only,WOOL,21,236.98,227.00,227.00,237.00,246.00,251.00
town_only,WOOL,22,237.61,227.00,227.00,238.00,247.00,251.00
town_only,WOOL,23,238.50,228.00,228.00,239.00,247.00,252.00
town_only,WOOL,24,239.19,228.00,228.00,241.00,247.00,253.00
town_only,WOOL,25,239.76,228.00,228.00,243.00,248.00,253.00
town_only,WOOL,26,240.58,229.00,229.00,244.00,248.00,254.00
town_only,WOOL,27,241.13,229.00,229.00,245.00,249.00,254.00
town_only,WOOL,28,241.48,229.00,229.00,245.00,250.00,255.00
town_only,WOOL,29,241.73,229.00,229.00,246.00,250.00,255.00
town_only,FERTILIZER,0,100.00,100.00,100.00,100.00,100.00,100.00
town_only,FERTILIZER,1,100.00,100.00,100.00,100.00,100.00,100.00
town_only,FERTILIZER,2,100.00,100.00,100.00,100.00,100.00,100.00
town_only,FERTILIZER,3,100.00,100.00,100.00,100.00,100.00,100.00
town_only,FERTILIZER,4,100.00,100.00,100.00,100.00,100.00,100.00
town_only,FERTILIZER,5,100.00,100.00,100.00,100.00,100.00,100.00
town_only,FERTILIZER,6,100.00,100.00,100.00,100.00,100.00,100.00
town_only,FERTILIZER,7,100.00,100.00,100.00,100.00,100.00,100.00
town_only,FERTILIZER,8,100.00,100.00,100.00,100.00,100.00,100.00
town_only,FERTILIZER,9,100.00,100.00,100.00,100.00,100.00,100.00
town_only,FERTILIZER,10,100.00,100.00,100.00,100.00,100.00,100.00
town_only,FERTILIZER,11,100.00,100.00,100.00,100.00,100.00,100.00
town_only,FERTILIZER,12,100.00,100.00,100.00,100.00,100.00,100.00
town_only,FERTILIZER,13,100.00,100.00,100.00,100.00,100.00,100.00
town_only,FERTILIZER,14,100.00,100.00,100.00,100.00,100.00,100.00
town_only,FERTILIZER,15,100.00,100.00,100.00,100.00,100.00,100.00
town_only,FERTILIZER,16,100.00,100.00,100.00,100.00,100.00,100.00
town_only,FERTILIZER,17,100.00,100.00,100.00,100.00,100.00,100.00
town_only,FERTILIZER,18,100.00,100.00,100.00,100.00,100.00,100.00
town_only,FERTILIZER,19,100.00,100.00,100.00,100.00,100.00,100.00
town_only,FERTILIZER,20,100.00,100.00,100.00,100.00,100.00,100.00
town_only,FERTILIZER,21,100.00,100.00,100.00,100.00,100.00,100.00
town_only,FERTILIZER,22,100.00,100.00,100.00,100.00,100.00,100.00
town_only,FERTILIZER,23,100.00,100.00,100.00,100.00,100.00,100.00
town_only,FERTILIZER,24,100.00,100.00,100.00,100.00,100.00,100.00
town_only,FERTILIZER,25,100.00,100.00,100.00,100.00,100.00,100.00
town_only,FERTILIZER,26,100.00,100.00,100.00,100.00,100.00,100.00
town_only,FERTILIZER,27,100.00,100.00,100.00,100.00,100.00,100.00
town_only,FERTILIZER,28,100.00,100.00,100.00,100.00,100.00,100.00
town_only,FERTILIZER,29,100.00,100.00,100.00,100.00,100.00,100.00
single_player,WHEAT,0,23.00,23.00,23.00,23.00,23.00,23.00
single_player,WHEAT,1,23.00,23.00,23.00,23.00,23.00,23.00
single_player,WHEAT,2,22.00,22.00,22.00,22.00,22.00,22.00
single_player,WHEAT,3,22.00,22.00,22.00,22.00,22.00,22.00
single_player,WHEAT,4,22.00,22.00,22.00,22.00,22.00,22.00
single_player,WHEAT,5,22.00,22.00,22.00,22.00,22.00,22.00
single_player,WHEAT,6,22.00,22.00,22.00,22.00,22.00,22.00
single_player,WHEAT,7,21.86,21.00,22.00,22.00,22.00,22.00
single_player,WHEAT,8,21.86,21.00,22.00,22.00,22.00,22.00
single_player,WHEAT,9,22.02,21.00,22.00,22.00,22.00,23.00
single_player,WHEAT,10,22.02,21.00,22.00,22.00,22.00,23.00
single_player,WHEAT,11,22.66,21.00,22.00,22.00,23.00,25.00
single_player,WHEAT,12,23.55,21.00,22.00,22.00,23.00,29.00
single_player,WHEAT,13,24.08,21.00,22.00,22.00,25.00,30.00
single_player,WHEAT,14,24.83,21.00,22.00,22.00,28.00,32.00
single_player,WHEAT,15,25.71,21.00,22.00,23.00,30.00,33.00
single_player,WHEAT,16,26.75,21.00,22.00,27.00,31.00,34.00
single_player,WHEAT,17,27.41,21.00,22.00,29.00,32.00,35.00
single_player,WHEAT,18,28.60,21.00,22.00,30.00,33.00,37.00
single_player,WHEAT,19,29.47,21.00,23.00,31.00,34.00,38.00
single_player,WHEAT,20,30.50,21.00,23.00,32.00,35.00,39.00
single_player,WHEAT,21,31.50,21.00,27.00,33.00,36.00,40.00
single_player,WHEAT,22,32.60,21.00,30.00,34.00,37.00,41.00
single_player,WHEAT,23,33.30,21.00,31.00,35.00,38.00,41.00
single_player,WHEAT,24,34.52,21.00,32.00,36.00,39.00,42.00
single_player,WHEAT,25,35.40,22.00,33.00,37.00,40.00,43.00
single_player,WHEAT,26,36.43,22.00,34.00,38.00,41.00,44.00
single_player,WHEAT,27,37.17,22.00,35.00,39.00,42.00,45.00
single_player,WHEAT,28,38.09,22.00,36.00,40.00,42.00,46.00
single_player,WHEAT,29,38.68,23.00,36.00,40.00,43.00,47.00
single_player,CARROT,0,33.00,33.00,33.00,33.00,33.00,33.00
single_player,CARROT,1,33.00,33.00,33.00,33.00,33.00,33.00
single_player,CARROT,2,32.00,32.00,32.00,32.00,32.00,32.00
single_player,CARROT,3,32.50,32.00,32.00,32.00,33.00,35.00
single_player,CARROT,4,32.13,31.00,31.00,31.00,35.00,36.00
single_player,CARROT,5,32.26,31.00,31.00,31.00,35.00,37.00
single_player,CARROT,6,32.83,31.00,31.00,31.00,36.00,38.00
single_player,CARROT,7,32.71,30.00,30.00,30.00,36.00,38.00
single_player,CARROT,8,33.08,30.00,30.00,30.00,36.00,39.00
single_player,CARROT,9,33.74,30.00,30.00,32.00,37.00,40.00
single_player,CARROT,10,34.38,30.00,30.00,35.00,38.00,42.00
single_player,CARROT,11,34.44,29.00,29.00,36.00,39.00,43.00
single_player,CARROT,12,35.22,29.00,29.00,36.00,40.00,45.00
single_player,CARROT,13,35.89,29.00,29.00,37.00,40.00,47.00
single_player,CARROT,14,36.59,29.00,29.00,37.00,41.00,48.00
single_player,CARROT,15,37.28,28.00,29.00,37.00,42.00,50.00
single_player,CARROT,16,38.07,28.00,30.00,38.00,44.00,52.00
single_player,CARROT,17,39.00,28.00,30.00,39.00,45.00,55.00
single_player,CARROT,18,40.01,28.00,31.00,40.00,47.00,56.00
single_player,CARROT,19,40.97,28.00,31.00,40.00,48.00,58.00
single_player,CARROT,20,42.01,28.00,32.00,42.00,49.00,60.00
single_player,CARROT,21,43.13,27.00,35.00,42.00,50.00,62.00
single_player,CARROT,22,44.43,27.00,36.00,44.00,52.00,65.00
single_player,CARROT,23,45.82,27.00,37.00,45.00,54.00,68.00
single_player,CARROT,24,47.64,27.00,38.00,46.00,55.00,70.00
single_player,CARROT,25,49.63,27.00,38.00,47.00,57.00,75.00
single_player,CARROT,26,51.93,27.00,39.00,48.00,59.00,83.00
single_player,CARROT,27,54.48,26.00,40.00,49.00,61.00,94.00
single_player,CARROT,28,57.54,26.00,41.00,51.00,62.00,108.00
single_player,CARROT,29,61.11,26.00,42.00,53.00,64.00,125.00
single_player,TOMATO,0,57.00,57.00,57.00,57.00,57.00,57.00
single_player,TOMATO,1,56.00,56.00,56.00,56.00,56.00,56.00
single_player,TOMATO,2,56.00,56.00,56.00,56.00,56.00,56.00
single_player,TOMATO,3,56.27,55.00,55.00,55.00,60.00,60.00
single_player,TOMATO,4,55.78,54.00,54.00,54.00,61.00,61.00
single_player,TOMATO,5,55.78,54.00,54.00,54.00,61.00,61.00
single_player,TOMATO,6,56.10,53.00,53.00,53.00,62.00,63.00
single_player,TOMATO,7,56.91,53.00,53.00,53.00,63.00,64.00
single_player,TOMATO,8,56.60,52.00,52.00,52.00,63.00,65.00
single_player,TOMATO,9,57.57,52.00,52.00,55.00,64.00,67.00
single_player,TOMATO,10,58.48,52.00,52.00,60.00,64.00,68.00
single_player,TOMATO,11,58.67,51.00,51.00,61.00,65.00,69.00
single_player,TOMATO,12,59.38,51.00,51.00,61.00,66.00,71.00
single_player,TOMATO,13,60.03,50.00,50.00,62.00,66.00,72.00
single_player,TOMATO,14,61.13,50.00,50.00,63.00,67.00,73.00
single_player,TOMATO,15,61.92,50.00,52.00,64.00,68.00,75.00
single_player,TOMATO,16,62.96,50.00,54.00,65.00,69.00,76.00
single_player,TOMATO,17,63.90,49.00,60.00,66.00,71.00,77.00
single_player,TOMATO,18,65.10,49.00,61.00,67.00,72.00,80.00
single_player,TOMATO,19,66.38,49.00,61.00,68.00,73.00,83.00
single_player,TOMATO,20,67.62,48.00,62.00,68.00,75.00,86.00
single_player,TOMATO,21,69.79,48.00,62.00,70.00,76.00,92.00
single_player,TOMATO,22,72.06,48.00,63.00,71.00,77.00,100.00
single_player,TOMATO,23,74.84,48.00,64.00,72.00,79.00,111.00
single_player,TOMATO,24,78.53,47.00,64.00,73.00,82.00,131.00
single_player,TOMATO,25,83.07,47.00,65.00,73.00,84.00,155.00
single_player,TOMATO,26,88.53,47.00,65.00,74.00,85.00,185.00
single_player,TOMATO,27,95.08,47.00,67.00,75.00,90.00,220.00
single_player,TOMATO,28,102.64,46.00,68.00,77.00,97.00,259.00
single_player,TOMATO,29,111.41,46.00,69.00,78.00,107.00,304.00
single_player,STRAWBERRY,0,118.00,118.00,118.00,118.00,118.00,118.00
single_player,STRAWBERRY,1,116.00,116.00,116.00,116.00,116.00,116.00
single_player,STRAWBERRY,2,114.00,114.00,114.00,114.00,114.00,114.00
single_player,STRAWBERRY,3,122.10,112.00,112.00,132.00,132.00,132.00
single_player,STRAWBERRY,4,126.16,110.00,110.00,142.00,142.00,142.00
single_player,STRAWBERRY,5,128.71,108.00,108.00,149.00,149.00,149.00
single_player,STRAWBERRY,6,135.14,107.00,107.00,155.00,160.00,160.00
single_player,STRAWBERRY,7,142.49,105.00,105.00,159.00,169.00,169.00
single_player,STRAWBERRY,8,146.93,103.00,103.00,164.00,176.00,176.00
single_player,STRAWBERRY,9,153.76,101.00,112.00,168.00,183.00,186.00
single_player,STRAWBERRY,10,160.45,99.00,128.00,171.00,189.00,195.00
single_player,STRAWBERRY,11,165.79,97.00,141.00,174.00,194.00,202.00
single_player,STRAWBERRY,12,173.01,95.00,155.00,181.00,199.00,212.00
single_player,STRAWBERRY,13,178.93,93.00,164.00,187.00,204.00,220.00
single_player,STRAWBERRY,14,184.93,91.00,172.00,193.00,208.00,228.00
single_player,STRAWBERRY,15,192.05,101.00,179.00,201.00,215.00,235.00
single_player,STRAWBERRY,16,198.25,110.00,186.00,208.00,221.00,242.00
single_player,STRAWBERRY,17,203.80,120.00,191.00,214.00,227.00,248.00
single_player,STRAWBERRY,18,211.00,148.00,197.00,218.00,234.00,255.00
single_player,STRAWBERRY,19,217.10,159.00,201.00,224.00,241.00,261.00
single_player,STRAWBERRY,20,222.96,168.00,206.00,232.00,248.00,266.00
single_player,STRAWBERRY,21,229.66,172.00,213.00,235.00,254.00,274.00
single_player,STRAWBERRY,22,235.78,175.00,219.00,242.00,260.00,282.00
single_player,STRAWBERRY,23,241.62,178.00,225.00,247.00,265.00,290.00
single_player,STRAWBERRY,24,248.09,185.00,230.00,253.00,272.00,296.00
single_player,STRAWBERRY,25,254.28,190.00,236.00,259.00,279.00,302.00
single_player,STRAWBERRY,26,260.03,196.00,241.00,265.00,285.00,310.00
single_player,STRAWBERRY,27,265.61,201.00,246.00,270.00,291.00,316.00
single_player,STRAWBERRY,28,270.95,205.00,250.00,276.00,297.00,322.00
single_player,STRAWBERRY,29,276.14,210.00,255.00,281.00,303.00,329.00
single_player,MELON,0,250.00,250.00,250.00,250.00,250.00,250.00
single_player,MELON,1,250.00,250.00,250.00,250.00,250.00,250.00
single_player,MELON,2,250.00,250.00,250.00,250.00,250.00,250.00
single_player,MELON,3,250.00,250.00,250.00,250.00,250.00,250.00
single_player,MELON,4,250.00,250.00,250.00,250.00,250.00,250.00
single_player,MELON,5,250.00,250.00,250.00,250.00,250.00,250.00
single_player,MELON,6,250.00,250.00,250.00,250.00,250.00,250.00
single_player,MELON,7,249.00,249.00,249.00,249.00,249.00,249.00
single_player,MELON,8,249.00,249.00,249.00,249.00,249.00,249.00
single_player,MELON,9,249.00,249.00,249.00,249.00,249.00,249.00
single_player,MELON,10,249.00,249.00,249.00,249.00,249.00,249.00
single_player,MELON,11,249.00,249.00,249.00,249.00,249.00,249.00
single_player,MELON,12,248.00,248.00,248.00,248.00,248.00,248.00
single_player,MELON,13,248.00,248.00,248.00,248.00,248.00,248.00
single_player,MELON,14,248.00,248.00,248.00,248.00,248.00,248.00
single_player,MELON,15,247.00,247.00,247.00,247.00,247.00,247.00
single_player,MELON,16,247.00,247.00,247.00,247.00,247.00,247.00
single_player,MELON,17,247.00,247.00,247.00,247.00,247.00,247.00
single_player,MELON,18,246.00,246.00,246.00,246.00,246.00,246.00
single_player,MELON,19,246.00,246.00,246.00,246.00,246.00,246.00
single_player,MELON,20,246.00,246.00,246.00,246.00,246.00,246.00
single_player,MELON,21,245.00,245.00,245.00,245.00,245.00,245.00
single_player,MELON,22,245.00,245.00,245.00,245.00,245.00,245.00
single_player,MELON,23,244.00,244.00,244.00,244.00,244.00,244.00
single_player,MELON,24,244.00,244.00,244.00,244.00,244.00,244.00
single_player,MELON,25,243.00,243.00,243.00,243.00,243.00,243.00
single_player,MELON,26,243.00,243.00,243.00,243.00,243.00,243.00
single_player,MELON,27,242.00,242.00,242.00,242.00,242.00,242.00
single_player,MELON,28,242.00,242.00,242.00,242.00,242.00,242.00
single_player,MELON,29,241.00,241.00,241.00,241.00,241.00,241.00
single_player,EGG,0,48.00,48.00,48.00,48.00,48.00,48.00
single_player,EGG,1,47.00,47.00,47.00,47.00,47.00,47.00
single_player,EGG,2,47.00,47.00,47.00,47.00,47.00,47.00
single_player,EGG,3,46.50,46.00,46.00,46.00,48.00,48.00
single_player,EGG,4,47.00,46.00,46.00,46.00,50.00,50.00
single_player,EGG,5,47.00,46.00,46.00,46.00,50.00,50.00
single_player,EGG,6,46.69,45.00,45.00,45.00,51.00,51.00
single_player,EGG,7,46.94,45.00,45.00,45.00,51.00,52.00
single_player,EGG,8,47.49,45.00,45.00,45.00,51.00,52.00
single_player,EGG,9,47.65,45.00,45.00,45.00,51.00,53.00
single_player,EGG,10,47.94,45.00,45.00,46.00,52.00,53.00
single_player,EGG,11,47.95,44.00,44.00,47.00,52.00,54.00
single_player,EGG,12,48.34,44.00,44.00,48.00,52.00,55.00
single_player,EGG,13,48.78,44.00,44.00,50.00,52.00,55.00
single_player,EGG,14,49.22,44.00,44.00,50.00,53.00,56.00
single_player,EGG,15,49.60,44.00,44.00,51.00,53.00,56.00
single_player,EGG,16,50.17,44.00,45.00,51.00,54.00,57.00
single_player,EGG,17,50.60,44.00,45.00,51.00,54.00,59.00
single_player,EGG,18,51.01,44.00,45.00,52.00,55.00,60.00
single_player,EGG,19,51.61,44.00,46.00,53.00,56.00,61.00
single_player,EGG,20,52.08,44.00,47.00,53.00,56.00,62.00
single_player,EGG,21,52.56,43.00,48.00,53.00,57.00,63.00
single_player,EGG,22,53.10,43.00,50.00,54.00,57.00,63.00
single_player,EGG,23,53.85,43.00,50.00,55.00,58.00,64.00
single_player,EGG,24,54.46,43.00,51.00,55.00,59.00,66.00
single_player,EGG,25,55.25,43.00,51.00,55.00,60.00,67.00
single_player,EGG,26,56.06,43.00,51.00,55.00,61.00,68.00
single_player,EGG,27,56.81,43.00,52.00,56.00,62.00,70.00
single_player,EGG,28,57.81,43.00,52.00,57.00,63.00,72.00
single_player,EGG,29,58.74,43.00,53.00,57.00,64.00,75.00
single_player,MILK,0,158.00,158.00,158.00,158.00,158.00,158.00
single_player,MILK,1,156.00,156.00,156.00,156.00,156.00,156.00
single_player,MILK,2,154.00,154.00,154.00,154.00,154.00,154.00
single_player,MILK,3,159.51,152.00,152.00,152.00,172.00,172.00
single_player,MILK,4,162.40,150.00,150.00,150.00,183.00,183.00
single_player,MILK,5,163.16,147.00,147.00,147.00,190.00,190.00
single_player,MILK,6,168.01,145.00,145.00,158.00,196.00,202.00
single_player,MILK,7,174.06,143.00,143.00,177.00,201.00,211.00
single_player,MILK,8,177.28,141.00,141.00,186.00,205.00,218.00
single_player,MILK,9,183.07,139.00,152.00,193.00,209.00,228.00
single_player,MILK,10,188.79,137.00,169.00,198.00,213.00,237.00
single_player,MILK,11,193.39,135.00,181.00,203.00,216.00,245.00
single_player,MILK,12,199.47,133.00,189.00,211.00,227.00,252.00
single_player,MILK,13,204.94,131.00,195.00,219.00,236.00,259.00
single_player,MILK,14,210.45,129.00,200.00,226.00,244.00,265.00
single_player,MILK,15,216.56,126.00,204.00,228.00,249.00,271.00
single_player,MILK,16,222.04,124.00,208.00,231.00,253.00,277.00
single_player,MILK,17,227.09,122.00,212.00,234.00,258.00,282.00
single_player,MILK,18,233.83,120.00,220.00,242.00,264.00,289.00
single_player,MILK,19,239.49,118.00,226.00,249.00,270.00,296.00
single_player,MILK,20,244.61,116.00,232.00,256.00,276.00,302.00
single_player,MILK,21,251.03,126.00,235.00,261.00,281.00,308.00
single_player,MILK,22,256.65,137.00,237.00,265.00,286.00,314.00
single_player,MILK,23,261.90,147.00,240.00,269.00,291.00,319.00
single_player,MILK,24,267.89,158.00,247.00,276.00,299.00,327.00
single_player,MILK,25,273.74,177.00,252.00,282.00,305.00,334.00
single_player,MILK,26,278.90,186.00,254.00,285.00,310.00,339.00
single_player,MILK,27,283.97,193.00,261.00,290.00,315.00,346.00
single_player,MILK,28,288.94,198.00,267.00,295.00,321.00,353.00
single_player,MILK,29,293.57,203.00,273.00,300.00,326.00,360.00
single_player,WOOL,0,200.00,200.00,200.00,200.00,200.00,200.00
single_player,WOOL,1,200.00,200.00,200.00,200.00,200.00,200.00
single_player,WOOL,2,199.00,199.00,199.00,199.00,199.00,199.00
single_player,WOOL,3,201.44,199.00,199.00,199.00,199.00,219.00
single_player,WOOL,4,202.29,199.00,199.00,199.00,199.00,226.00
single_player,WOOL,5,201.78,198.00,198.00,198.00,198.00,229.00
single_player,WOOL,6,203.27,197.00,197.00,197.00,197.00,232.00
single_player,WOOL,7,203.75,196.00,196.00,196.00,196.00,234.00
single_player,WOOL,8,203.79,195.00,195.00,195.00,195.00,236.00
single_player,WOOL,9,204.88,194.00,194.00,194.00,209.00,237.00
single_player,WOOL,10,206.07,193.00,193.00,193.00,223.00,238.00
single_player,WOOL,11,206.14,192.00,192.00,192.00,228.00,239.00
single_player,WOOL,12,206.30,190.00,190.00,190.00,231.00,241.00
single_player,WOOL,13,207.90,189.00,189.00,189.00,233.00,243.00
single_player,WOOL,14,207.66,187.00,187.00,187.00,235.00,244.00
single_player,WOOL,15,208.10,185.00,185.00,185.00,238.00,245.00
single_player,WOOL,16,209.08,183.00,183.00,183.00,240.00,246.00
single_player,WOOL,17,209.10,181.00,181.00,181.00,242.00,247.00
single_player,WOOL,18,209.95,179.00,179.00,197.00,242.00,248.00
single_player,WOOL,19,210.76,177.00,177.00,214.00,243.00,248.00
single_player,WOOL,20,210.50,174.00,174.00,224.00,244.00,249.00
single_player,WOOL,21,211.66,172.00,172.00,228.00,244.00,250.00
single_player,WOOL,22,211.76,169.00,169.00,231.00,245.00,250.00
single_player,WOOL,23,212.38,167.00,167.00,233.00,245.00,251.00
single_player,WOOL,24,213.36,164.00,164.00,237.00,246.00,252.00
single_player,WOOL,25,213.41,161.00,161.00,239.00,246.00,252.00
single_player,WOOL,26,213.95,158.00,158.00,241.00,246.00,253.00
single_player,WOOL,27,213.33,154.00,154.00,242.00,247.00,253.00
single_player,WOOL,28,212.83,151.00,151.00,242.00,248.00,254.00
single_player,WOOL,29,212.36,148.00,148.00,243.00,249.00,254.00
single_player,FERTILIZER,0,100.00,100.00,100.00,100.00,100.00,100.00
single_player,FERTILIZER,1,100.00,100.00,100.00,100.00,100.00,100.00
single_player,FERTILIZER,2,100.00,100.00,100.00,100.00,100.00,100.00
single_player,FERTILIZER,3,100.00,100.00,100.00,100.00,100.00,100.00
single_player,FERTILIZER,4,100.00,100.00,100.00,100.00,100.00,100.00
single_player,FERTILIZER,5,100.00,100.00,100.00,100.00,100.00,100.00
single_player,FERTILIZER,6,100.00,100.00,100.00,100.00,100.00,100.00
single_player,FERTILIZER,7,100.00,100.00,100.00,100.00,100.00,100.00
single_player,FERTILIZER,8,100.00,100.00,100.00,100.00,100.00,100.00
single_player,FERTILIZER,9,100.00,100.00,100.00,100.00,100.00,100.00
single_player,FERTILIZER,10,100.00,100.00,100.00,100.00,100.00,100.00
single_player,FERTILIZER,11,100.00,100.00,100.00,100.00,100.00,100.00
single_player,FERTILIZER,12,100.00,100.00,100.00,100.00,100.00,100.00
single_player,FERTILIZER,13,100.00,100.00,100.00,100.00,100.00,100.00
single_player,FERTILIZER,14,100.00,100.00,100.00,100.00,100.00,100.00
single_player,FERTILIZER,15,100.00,100.00,100.00,100.00,100.00,100.00
single_player,FERTILIZER,16,100.00,100.00,100.00,100.00,100.00,100.00
single_player,FERTILIZER,17,100.00,100.00,100.00,100.00,100.00,100.00
single_player,FERTILIZER,18,100.00,100.00,100.00,100.00,100.00,100.00
single_player,FERTILIZER,19,100.00,100.00,100.00,100.00,100.00,100.00
single_player,FERTILIZER,20,100.00,100.00,100.00,100.00,100.00,100.00
single_player,FERTILIZER,21,100.00,100.00,100.00,100.00,100.00,100.00
single_player,FERTILIZER,22,100.00,100.00,100.00,100.00,100.00,100.00
single_player,FERTILIZER,23,100.00,100.00,100.00,100.00,100.00,100.00
single_player,FERTILIZER,24,100.00,100.00,100.00,100.00,100.00,100.00
single_player,FERTILIZER,25,100.00,100.00,100.00,100.00,100.00,100.00
single_player,FERTILIZER,26,100.00,100.00,100.00,100.00,100.00,100.00
single_player,FERTILIZER,27,100.00,100.00,100.00,100.00,100.00,100.00
single_player,FERTILIZER,28,100.00,100.00,100.00,100.00,100.00,100.00
single_player,FERTILIZER,29,100.00,100.00,100.00,100.00,100.00,100.00
two_players,WHEAT,0,23.00,23.00,23.00,23.00,23.00,23.00
two_players,WHEAT,1,22.00,22.00,22.00,22.00,22.00,22.00
two_players,WHEAT,2,22.00,22.00,22.00,22.00,22.00,22.00
two_players,WHEAT,3,21.00,21.00,21.00,21.00,21.00,21.00
two_players,WHEAT,4,21.00,21.00,21.00,21.00,21.00,21.00
two_players,WHEAT,5,21.00,21.00,21.00,21.00,21.00,21.00
two_players,WHEAT,6,21.00,21.00,21.00,21.00,21.00,21.00
two_players,WHEAT,7,21.00,21.00,21.00,21.00,21.00,21.00
two_players,WHEAT,8,21.00,21.00,21.00,21.00,21.00,21.00
two_players,WHEAT,9,21.00,21.00,21.00,21.00,21.00,21.00
two_players,WHEAT,10,21.00,21.00,21.00,21.00,21.00,21.00
two_players,WHEAT,11,20.95,20.00,21.00,21.00,21.00,21.00
two_players,WHEAT,12,20.91,20.00,21.00,21.00,21.00,21.00
two_players,WHEAT,13,20.86,20.00,21.00,21.00,21.00,21.00
two_players,WHEAT,14,20.83,20.00,21.00,21.00,21.00,21.00
two_players,WHEAT,15,20.77,20.00,21.00,21.00,21.00,21.00
two_players,WHEAT,16,20.77,20.00,21.00,21.00,21.00,21.00
two_players,WHEAT,17,20.77,20.00,21.00,21.00,21.00,21.00
two_players,WHEAT,18,20.85,20.00,21.00,21.00,21.00,22.00
two_players,WHEAT,19,20.85,20.00,21.00,21.00,21.00,22.00
two_players,WHEAT,20,20.91,20.00,21.00,21.00,21.00,22.00
two_players,WHEAT,21,21.13,20.00,21.00,21.00,21.00,24.00
two_players,WHEAT,22,21.48,20.00,21.00,21.00,21.00,29.00
two_players,WHEAT,23,21.74,20.00,21.00,21.00,22.00,30.00
two_players,WHEAT,24,22.24,20.00,21.00,21.00,22.00,32.00
two_players,WHEAT,25,22.76,20.00,21.00,21.00,22.00,34.00
two_players,WHEAT,26,23.35,20.00,21.00,21.00,23.00,35.00
two_players,WHEAT,27,23.94,20.00,21.00,21.00,26.00,36.00
two_players,WHEAT,28,24.59,20.00,21.00,21.00,29.00,37.00
two_players,WHEAT,29,25.13,20.00,21.00,21.00,30.00,38.00
two_players,CARROT,0,32.00,32.00,32.00,32.00,32.00,32.00
two_players,CARROT,1,31.00,31.00,31.00,31.00,31.00,31.00
two_players,CARROT,2,31.00,31.00,31.00,31.00,31.00,31.00
two_players,CARROT,3,30.38,30.00,30.00,30.00,31.00,32.00
two_players,CARROT,4,29.88,29.00,29.00,29.00,31.00,34.00
two_players,CARROT,5,30.00,29.00,29.00,29.00,31.00,35.00
two_players,CARROT,6,29.66,28.00,28.00,28.00,31.00,36.00
two_players,CARROT,7,29.95,28.00,28.00,28.00,31.00,37.00
two_players,CARROT,8,29.75,27.00,27.00,27.00,32.00,37.00
two_players,CARROT,9,30.24,27.00,27.00,28.00,33.00,38.00
two_players,CARROT,10,30.26,26.00,26.00,29.00,35.00,39.00
two_players,CARROT,11,30.66,26.00,26.00,29.00,36.00,40.00
two_players,CARROT,12,31.17,26.00,26.00,29.00,36.00,42.00
two_players,CARROT,13,31.53,25.00,25.00,30.00,37.00,44.00
two_players,CARROT,14,32.09,25.00,25.00,30.00,38.00,45.00
two_players,CARROT,15,32.77,25.00,25.00,30.00,39.00,46.00
two_players,CARROT,16,33.25,24.00,25.00,31.00,40.00,48.00
two_players,CARROT,17,33.98,24.00,25.00,35.00,41.00,50.00
two_players,CARROT,18,34.78,24.00,25.00,35.00,42.00,52.00
two_players,CARROT,19,35.42,23.00,25.00,36.00,43.00,53.00
two_players,CARROT,20,36.30,23.00,25.00,37.00,44.00,55.00
two_players,CARROT,21,37.30,23.00,26.00,37.00,45.00,57.00
two_players,CARROT,22,38.32,23.00,26.00,38.00,47.00,60.00
two_players,CARROT,23,39.21,22.00,27.00,40.00,48.00,62.00
two_players,CARROT,24,40.56,22.00,28.00,40.00,49.00,64.00
two_players,CARROT,25,42.00,22.00,28.00,41.00,51.00,67.00
two_players,CARROT,26,43.59,22.00,29.00,41.00,52.00,69.00
two_players,CARROT,27,45.24,21.00,30.00,43.00,54.00,72.00
two_players,CARROT,28,47.20,21.00,31.00,44.00,55.00,78.00
two_players,CARROT,29,49.48,21.00,32.00,46.00,57.00,86.00
two_players,TOMATO,0,56.00,56.00,56.00,56.00,56.00,56.00
two_players,TOMATO,1,54.00,54.00,54.00,54.00,54.00,54.00
two_players,TOMATO,2,52.00,52.00,52.00,52.00,52.00,52.00
two_players,TOMATO,3,51.76,51.00,51.00,51.00,54.00,54.00
two_players,TOMATO,4,51.52,50.00,50.00,50.00,56.00,56.00
two_players,TOMATO,5,51.79,49.00,49.00,49.00,60.00,60.00
two_players,TOMATO,6,51.48,48.00,48.00,48.00,60.00,61.00
two_players,TOMATO,7,51.92,48.00,48.00,48.00,61.00,62.00
two_players,TOMATO,8,51.61,47.00,47.00,47.00,61.00,63.00
two_players,TOMATO,9,52.13,46.00,46.00,48.00,61.00,64.00
two_players,TOMATO,10,52.31,45.00,45.00,48.00,62.00,65.00
two_players,TOMATO,11,53.17,45.00,45.00,49.00,62.00,66.00
two_players,TOMATO,12,53.48,44.00,44.00,50.00,63.00,68.00
two_players,TOMATO,13,54.35,44.00,44.00,51.00,63.00,69.00
two_players,TOMATO,14,54.61,43.00,43.00,52.00,63.00,70.00
two_players,TOMATO,15,55.43,42.00,44.00,60.00,64.00,71.00
two_players,TOMATO,16,56.23,42.00,44.00,61.00,65.00,72.00
two_players,TOMATO,17,57.13,41.00,45.00,62.00,66.00,73.00
two_players,TOMATO,18,58.12,41.00,45.00,63.00,68.00,75.00
two_players,TOMATO,19,58.96,40.00,46.00,63.00,69.00,78.00
two_players,TOMATO,20,59.97,40.00,47.00,63.00,70.00,81.00
two_players,TOMATO,21,61.42,39.00,48.00,64.00,71.00,82.00
two_players,TOMATO,22,62.84,39.00,48.00,65.00,72.00,84.00
two_players,TOMATO,23,64.52,38.00,49.00,66.00,73.00,87.00
two_players,TOMATO,24,66.81,38.00,50.00,67.00,76.00,95.00
two_players,TOMATO,25,69.52,38.00,51.00,67.00,77.00,107.00
two_players,TOMATO,26,72.56,37.00,52.00,68.00,78.00,123.00
two_players,TOMATO,27,76.33,37.00,60.00,69.00,80.00,144.00
two_players,TOMATO,28,80.57,36.00,61.00,70.00,82.00,169.00
two_players,TOMATO,29,85.81,36.00,62.00,71.00,84.00,198.00
two_players,STRAWBERRY,0,114.00,114.00,114.00,114.00,114.00,114.00
two_players,STRAWBERRY,1,108.00,108.00,108.00,108.00,108.00,108.00
two_players,STRAWBERRY,2,103.00,103.00,103.00,103.00,103.00,103.00
two_players,STRAWBERRY,3,102.56,97.00,97.00,108.00,108.00,108.00
two_players,STRAWBERRY,4,102.61,91.00,91.00,114.00,114.00,114.00
two_players,STRAWBERRY,5,102.67,85.00,85.00,120.00,120.00,120.00
two_players,STRAWBERRY,6,112.93,80.00,80.00,135.00,145.00,145.00
two_players,STRAWBERRY,7,117.14,74.00,74.00,141.00,156.00,156.00
two_players,STRAWBERRY,8,120.08,68.00,68.00,145.00,164.00,164.00
two_players,STRAWBERRY,9,126.64,62.00,74.00,149.00,170.00,174.00
two_players,STRAWBERRY,10,133.94,57.00,80.00,153.00,176.00,183.00
two_players,STRAWBERRY,11,138.74,51.00,85.00,156.00,182.00,191.00
two_players,STRAWBERRY,12,147.35,45.00,103.00,164.00,187.00,201.00
two_players,STRAWBERRY,13,153.84,39.00,120.00,170.00,191.00,210.00
two_players,STRAWBERRY,14,160.47,34.00,145.00,176.00,196.00,218.00
two_players,STRAWBERRY,15,167.85,39.00,156.00,185.00,202.00,225.00
two_players,STRAWBERRY,16,174.93,45.00,164.00,193.00,208.00,232.00
two_players,STRAWBERRY,17,180.98,51.00,170.00,200.00,214.00,238.00
two_players,STRAWBERRY,18,189.23,68.00,176.00,204.00,222.00,244.00
two_players,STRAWBERRY,19,195.99,85.00,182.00,210.00,229.00,250.00
two_players,STRAWBERRY,20,202.48,103.00,187.00,218.00,235.00,256.00
two_players,STRAWBERRY,21,209.73,108.00,194.00,221.00,242.00,264.00
two_players,STRAWBERRY,22,216.65,114.00,201.00,228.00,248.00,272.00
two_players,STRAWBERRY,23,222.75,120.00,207.00,233.00,253.00,279.00
two_players,STRAWBERRY,24,229.98,145.00,213.00,239.00,260.00,285.00
two_players,STRAWBERRY,25,236.53,156.00,219.00,245.00,267.00,292.00
two_players,STRAWBERRY,26,242.72,164.00,224.00,251.00,273.00,300.00
two_players,STRAWBERRY,27,248.48,170.00,229.00,256.00,279.00,305.00
two_players,STRAWBERRY,28,254.07,176.00,234.00,262.00,285.00,311.00
two_players,STRAWBERRY,29,259.28,182.00,238.00,267.00,291.00,318.00
two_players,MELON,0,250.00,250.00,250.00,250.00,250.00,250.00
two_players,MELON,1,250.00,250.00,250.00,250.00,250.00,250.00
two_players,MELON,2,249.00,249.00,249.00,249.00,249.00,249.00
two_players,MELON,3,249.00,249.00,249.00,249.00,249.00,249.00
two_players,MELON,4,248.00,248.00,248.00,248.00,248.00,248.00
two_players,MELON,5,247.00,247.00,247.00,247.00,247.00,247.00
two_players,MELON,6,246.00,246.00,246.00,246.00,246.00,246.00
two_players,MELON,7,244.00,244.00,244.00,244.00,244.00,244.00
two_players,MELON,8,243.00,243.00,243.00,243.00,243.00,243.00
two_players,MELON,9,241.00,241.00,241.00,241.00,241.00,241.00
two_players,MELON,10,239.00,239.00,239.00,239.00,239.00,239.00
two_players,MELON,11,237.00,237.00,237.00,237.00,237.00,237.00
two_players,MELON,12,235.00,235.00,235.00,235.00,235.00,235.00
two_players,MELON,13,232.00,232.00,232.00,232.00,232.00,232.00
two_players,MELON,14,230.00,230.00,230.00,230.00,230.00,230.00
two_players,MELON,15,227.00,227.00,227.00,227.00,227.00,227.00
two_players,MELON,16,224.00,224.00,224.00,224.00,224.00,224.00
two_players,MELON,17,221.00,221.00,221.00,221.00,221.00,221.00
two_players,MELON,18,218.00,218.00,218.00,218.00,218.00,218.00
two_players,MELON,19,214.00,214.00,214.00,214.00,214.00,214.00
two_players,MELON,20,210.00,210.00,210.00,210.00,210.00,210.00
two_players,MELON,21,206.00,206.00,206.00,206.00,206.00,206.00
two_players,MELON,22,202.00,202.00,202.00,202.00,202.00,202.00
two_players,MELON,23,198.00,198.00,198.00,198.00,198.00,198.00
two_players,MELON,24,194.00,194.00,194.00,194.00,194.00,194.00
two_players,MELON,25,189.00,189.00,189.00,189.00,189.00,189.00
two_players,MELON,26,184.00,184.00,184.00,184.00,184.00,184.00
two_players,MELON,27,179.00,179.00,179.00,179.00,179.00,179.00
two_players,MELON,28,174.00,174.00,174.00,174.00,174.00,174.00
two_players,MELON,29,169.00,169.00,169.00,169.00,169.00,169.00
two_players,EGG,0,47.00,47.00,47.00,47.00,47.00,47.00
two_players,EGG,1,46.00,46.00,46.00,46.00,46.00,46.00
two_players,EGG,2,45.00,45.00,45.00,45.00,45.00,45.00
two_players,EGG,3,45.00,45.00,45.00,45.00,45.00,45.00
two_players,EGG,4,44.25,44.00,44.00,44.00,45.00,45.00
two_players,EGG,5,44.50,44.00,44.00,44.00,46.00,46.00
two_players,EGG,6,44.56,44.00,44.00,44.00,46.00,47.00
two_players,EGG,7,44.76,44.00,44.00,44.00,46.00,50.00
two_players,EGG,8,44.25,43.00,43.00,43.00,46.00,51.00
two_players,EGG,9,44.40,43.00,43.00,43.00,46.00,51.00
two_players,EGG,10,44.51,43.00,43.00,43.00,46.00,51.00
two_players,EGG,11,44.99,43.00,43.00,44.00,47.00,52.00
two_players,EGG,12,45.41,43.00,43.00,44.00,47.00,52.00
two_players,EGG,13,45.53,43.00,43.00,44.00,47.00,53.00
two_players,EGG,14,45.85,43.00,43.00,44.00,48.00,53.00
two_players,EGG,15,45.84,42.00,43.00,44.00,50.00,53.00
two_players,EGG,16,46.24,42.00,43.00,44.00,51.00,54.00
two_players,EGG,17,46.64,42.00,43.00,44.00,51.00,55.00
two_players,EGG,18,46.97,42.00,43.00,45.00,52.00,56.00
two_players,EGG,19,47.32,42.00,43.00,45.00,52.00,57.00
two_players,EGG,20,47.65,42.00,43.00,45.00,52.00,58.00
two_players,EGG,21,48.07,42.00,43.00,46.00,53.00,59.00
two_players,EGG,22,48.54,42.00,43.00,49.00,53.00,59.00
two_players,EGG,23,49.05,42.00,43.00,50.00,54.00,60.00
two_players,EGG,24,49.54,42.00,43.00,50.00,55.00,61.00
two_players,EGG,25,50.00,42.00,43.00,50.00,56.00,62.00
two_players,EGG,26,50.59,42.00,43.00,51.00,56.00,64.00
two_players,EGG,27,50.97,41.00,43.00,51.00,57.00,65.00
two_players,EGG,28,51.54,41.00,43.00,51.00,58.00,66.00
two_players,EGG,29,52.14,41.00,44.00,52.00,58.00,67.00
two_players,MILK,0,154.00,154.00,154.00,154.00,154.00,154.00
two_players,MILK,1,147.00,147.00,147.00,147.00,147.00,147.00
two_players,MILK,2,141.00,141.00,141.00,141.00,141.00,141.00
two_players,MILK,3,139.51,135.00,135.00,135.00,147.00,147.00
two_players,MILK,4,138.39,129.00,129.00,129.00,154.00,154.00
two_players,MILK,5,136.28,122.00,122.00,122.00,160.00,160.00
two_players,MILK,6,142.72,116.00,116.00,129.00,175.00,186.00
two_players,MILK,7,144.71,110.00,110.00,135.00,181.00,197.00
two_players,MILK,8,145.64,103.00,103.00,141.00,186.00,205.00
two_players,MILK,9,150.49,97.00,110.00,147.00,190.00,216.00
two_players,MILK,10,155.57,91.00,116.00,154.00,194.00,226.00
two_players,MILK,11,158.56,84.00,122.00,160.00,197.00,234.00
two_players,MILK,12,165.91,78.00,129.00,186.00,210.00,241.00
two_players,MILK,13,171.23,72.00,135.00,197.00,220.00,248.00
two_players,MILK,14,176.15,66.00,141.00,205.00,229.00,254.00
two_players,MILK,15,182.71,59.00,147.00,208.00,234.00,260.00
two_players,MILK,16,188.82,53.00,154.00,210.00,238.00,265.00
two_players,MILK,17,194.03,47.00,160.00,212.00,242.00,271.00
two_players,MILK,18,201.71,40.00,186.00,222.00,249.00,278.00
two_players,MILK,19,207.92,34.00,197.00,231.00,255.00,284.00
two_players,MILK,20,213.60,28.00,205.00,238.00,261.00,290.00
two_players,MILK,21,220.58,34.00,208.00,242.00,266.00,296.00
two_players,MILK,22,227.02,40.00,210.00,246.00,272.00,302.00
two_players,MILK,23,232.72,47.00,212.00,250.00,277.00,307.00
two_players,MILK,24,239.87,53.00,222.00,259.00,285.00,316.00
two_players,MILK,25,246.29,59.00,227.00,264.00,291.00,322.00
two_players,MILK,26,252.28,66.00,229.00,268.00,295.00,327.00
two_players,MILK,27,257.92,72.00,237.00,273.00,301.00,334.00
two_players,MILK,28,263.27,78.00,244.00,278.00,307.00,341.00
two_players,MILK,29,268.24,84.00,250.00,282.00,312.00,348.00
two_players,WOOL,0,199.00,199.00,199.00,199.00,199.00,199.00
two_players,WOOL,1,198.00,198.00,198.00,198.00,198.00,198.00
two_players,WOOL,2,195.00,195.00,195.00,195.00,195.00,195.00
two_players,WOOL,3,192.97,192.00,192.00,192.00,192.00,200.00
two_players,WOOL,4,191.02,187.00,187.00,187.00,187.00,220.00
two_players,WOOL,5,186.36,181.00,181.00,181.00,181.00,225.00
two_players,WOOL,6,183.05,174.00,174.00,174.00,174.00,229.00
two_players,WOOL,7,178.48,167.00,167.00,167.00,167.00,231.00
two_players,WOOL,8,174.01,158.00,158.00,158.00,158.00,233.00
two_players,WOOL,9,170.32,148.00,148.00,148.00,181.00,234.00
two_players,WOOL,10,165.00,137.00,137.00,137.00,195.00,236.00
two_players,WOOL,11,157.82,125.00,125.00,125.00,200.00,237.00
two_players,WOOL,12,155.27,112.00,112.00,112.00,220.00,239.00
two_players,WOOL,13,149.64,98.00,98.00,98.00,225.00,241.00
two_players,WOOL,14,142.08,82.00,82.00,82.00,229.00,242.00
two_players,WOOL,15,138.08,66.00,66.00,66.00,233.00,243.00
two_players,WOOL,16,133.77,49.00,49.00,49.00,236.00,244.00
two_players,WOOL,17,127.00,31.00,31.00,31.00,239.00,245.00
two_players,WOOL,18,123.17,11.00,11.00,82.00,240.00,246.00
two_players,WOOL,19,122.36,1.00,1.00,125.00,240.00,247.00
two_players,WOOL,20,126.26,1.00,1.00,158.00,241.00,248.00
two_players,WOOL,21,130.41,1.00,1.00,181.00,242.00,248.00
two_players,WOOL,22,135.00,1.00,1.00,195.00,242.00,249.00
two_players,WOOL,23,138.28,1.00,1.00,200.00,243.00,250.00
two_players,WOOL,24,141.99,1.00,1.00,227.00,243.00,250.00
two_players,WOOL,25,145.54,1.00,1.00,232.00,244.00,251.00
two_players,WOOL,26,149.49,1.00,1.00,236.00,244.00,252.00
two_players,WOOL,27,152.40,1.00,1.00,237.00,245.00,252.00
two_players,WOOL,28,155.42,1.00,1.00,238.00,246.00,253.00
two_players,WOOL,29,157.25,1.00,1.00,239.00,247.00,253.00
two_players,FERTILIZER,0,100.00,100.00,100.00,100.00,100.00,100.00
two_players,FERTILIZER,1,100.00,100.00,100.00,100.00,100.00,100.00
two_players,FERTILIZER,2,100.00,100.00,100.00,100.00,100.00,100.00
two_players,FERTILIZER,3,100.00,100.00,100.00,100.00,100.00,100.00
two_players,FERTILIZER,4,100.00,100.00,100.00,100.00,100.00,100.00
two_players,FERTILIZER,5,100.00,100.00,100.00,100.00,100.00,100.00
two_players,FERTILIZER,6,100.00,100.00,100.00,100.00,100.00,100.00
two_players,FERTILIZER,7,100.00,100.00,100.00,100.00,100.00,100.00
two_players,FERTILIZER,8,100.00,100.00,100.00,100.00,100.00,100.00
two_players,FERTILIZER,9,100.00,100.00,100.00,100.00,100.00,100.00
two_players,FERTILIZER,10,100.00,100.00,100.00,100.00,100.00,100.00
two_players,FERTILIZER,11,100.00,100.00,100.00,100.00,100.00,100.00
two_players,FERTILIZER,12,100.00,100.00,100.00,100.00,100.00,100.00
two_players,FERTILIZER,13,100.00,100.00,100.00,100.00,100.00,100.00
two_players,FERTILIZER,14,100.00,100.00,100.00,100.00,100.00,100.00
two_players,FERTILIZER,15,100.00,100.00,100.00,100.00,100.00,100.00
two_players,FERTILIZER,16,100.00,100.00,100.00,100.00,100.00,100.00
two_players,FERTILIZER,17,100.00,100.00,100.00,100.00,100.00,100.00
two_players,FERTILIZER,18,100.00,100.00,100.00,100.00,100.00,100.00
two_players,FERTILIZER,19,100.00,100.00,100.00,100.00,100.00,100.00
two_players,FERTILIZER,20,100.00,100.00,100.00,100.00,100.00,100.00
two_players,FERTILIZER,21,100.00,100.00,100.00,100.00,100.00,100.00
two_players,FERTILIZER,22,100.00,100.00,100.00,100.00,100.00,100.00
two_players,FERTILIZER,23,100.00,100.00,100.00,100.00,100.00,100.00
two_players,FERTILIZER,24,100.00,100.00,100.00,100.00,100.00,100.00
two_players,FERTILIZER,25,100.00,100.00,100.00,100.00,100.00,100.00
two_players,FERTILIZER,26,100.00,100.00,100.00,100.00,100.00,100.00
two_players,FERTILIZER,27,100.00,100.00,100.00,100.00,100.00,100.00
two_players,FERTILIZER,28,100.00,100.00,100.00,100.00,100.00,100.00
two_players,FERTILIZER,29,100.00,100.00,100.00,100.00,100.00,100.00